background/signal,pT GeV,mass GeV,width,ptD,#of constituents
1,35.036,2.956,0.045,0.772,3
0,21.123,-2.418,0.102,0.678,4
0,23.904,4.283,0.079,0.829,2
1,27.539,3.33,0.043,0.837,2
1,65.283,-4.125,0.034,0.72,2
1,34.447,3.529,0.05,0.707,2
1,90.637,-3.857,0.014,0.91,2
0,40.218,3.556,0.061,0.71,2
0,25.774,2.96,0.069,0.767,2
0,20.282,-1.056,0.099,0.508,6
1,21.928,-3.072,0.078,0.727,4
0,21.248,2.244,0.064,0.625,7
1,42.814,-3.415,0.05,0.715,2
1,21.023,3.446,0.066,0.808,3
0,22.331,-1.132,0.068,0.894,2
0,21.722,-2.973,0.098,0.746,2
1,32.416,3.567,0.027,0.951,2
1,32.942,3.507,0.057,0.837,2
0,22.035,-1.121,0.056,0.777,4
1,40.184,-3.428,0.036,0.877,2
1,59.34,-3.155,0.024,0.857,2
0,20.392,-0.885,0.079,0.639,5
1,27.881,3.199,0.058,0.709,2
0,20.303,0.182,0.102,0.468,7
0,21.034,3.749,0.08,0.794,2
0,34.933,1.298,0.041,0.784,4
0,25.39,3.616,0.077,0.707,2
1,50.486,-2.878,0.043,0.72,2
0,35.37,-0.174,0.022,0.943,2
0,20.476,-2.541,0.071,0.814,3
0,21.496,-1.252,0.097,0.613,5
0,20.689,-1.346,0.048,0.904,3
1,22.035,3.108,0.083,0.727,3
0,37.94,-1.152,0.039,0.646,5
1,32.532,3.017,0.058,0.704,3
0,20.871,-2.746,0.107,0.751,2
1,36.565,-3.309,0.029,0.93,2
1,25.743,-4.266,0.09,0.75,2
1,32.202,-3.885,0.062,0.732,2
1,42.778,-3.662,0.038,0.709,2
0,22.757,2.796,0.039,0.949,2
1,58.14,2.989,0.032,0.715,2
0,20.842,-2.928,0.113,0.708,2
0,20.191,0.68,0.083,0.558,5
0,26.224,-2.707,0.094,0.709,2
1,32.397,2.983,0.058,0.71,2
0,22.106,-2.837,0.07,0.876,2
1,47.029,3.025,0.021,0.949,2
0,23.721,-2.652,0.054,0.884,2
0,23.966,-4.281,0.065,0.756,2
1,455.54,0.611,0.0,0.999,3
0,20.392,-1.149,0.082,0.543,5
0,21.994,-2.719,0.035,0.955,2
0,20.061,-1.162,0.102,0.609,6
1,29.795,3.55,0.062,0.716,2
0,21.233,1.18,0.082,0.815,3
0,20.581,1.178,0.085,0.662,7
1,22.975,4.185,0.055,0.903,2
1,20.17,3.077,0.094,0.77,2
0,30.949,3.567,0.059,0.71,2
1,66.81,3.624,0.029,0.71,2
0,20.969,-1.185,0.082,0.862,2
0,20.08,-1.216,0.098,0.697,3
0,25.912,2.836,0.04,0.947,2
0,21.955,-0.23,0.073,0.599,6
0,23.302,-2.662,0.069,0.867,4
0,31.318,3.621,0.078,0.707,2
1,27.131,3.415,0.039,0.891,2
0,21.12,-2.92,0.076,0.596,3
0,26.398,3.611,0.042,0.905,2
0,24.363,2.993,0.056,0.601,3
0,20.014,-3.018,0.12,0.709,2
0,29.661,-3.829,0.066,0.763,2
1,22.963,4.177,0.073,0.719,2
1,58.723,-3.094,0.022,0.816,2
1,51.757,-3.168,0.037,0.712,3
1,23.883,-3.82,0.08,0.823,2
1,23.675,-3.272,0.075,0.707,2
0,26.88,4.33,0.064,0.727,2
1,21.486,-3.174,0.055,0.685,4
1,41.939,3.275,0.029,0.925,2
0,25.458,-0.96,0.043,0.849,3
0,23.605,-3.23,0.048,0.845,3
0,23.563,2.937,0.042,0.895,2
0,21.102,2.132,0.071,0.504,8
0,36.718,3.355,0.032,0.935,2
1,30.973,3.064,0.06,0.78,2
1,25.127,-3.961,0.058,0.849,2
1,61.659,-3.32,0.024,0.716,2
0,20.916,-3.575,0.107,0.592,3
1,27.533,-4.136,0.058,0.717,2
1,22.916,-3.43,0.055,0.907,2
1,69.207,-4.372,0.034,0.721,2
1,54.72,-3.289,0.015,0.959,3
1,39.396,3.588,0.028,0.939,2
0,25.142,-3.086,0.057,0.715,4
1,69.681,-2.972,0.023,0.714,2
1,21.614,3.235,0.096,0.616,3
1,108.804,-2.773,0.017,0.729,2
0,20.586,-0.63,0.092,0.547,5
0,20.434,-1.088,0.073,0.566,4
0,32.551,0.42,0.021,0.881,4
1,25.371,3.707,0.074,0.789,2
0,20.108,3.031,0.086,0.815,4
1,105.909,3.105,0.015,0.809,2
1,97.198,2.786,0.006,0.972,2
0,22.993,-2.656,0.056,0.89,3
1,29.778,2.993,0.026,0.958,2
0,21.396,2.65,0.039,0.905,3
0,20.751,-2.995,0.101,0.801,2
0,20.527,3.518,0.091,0.792,2
0,23.397,0.832,0.103,0.57,4
0,23.407,2.588,0.058,0.816,4
1,28.832,-3.219,0.06,0.739,3
1,22.975,-4.032,0.075,0.715,2
1,95.512,2.748,0.013,0.869,2
0,31.125,4.18,0.04,0.919,2
1,24.894,-3.309,0.048,0.901,2
0,20.007,-1.352,0.055,0.62,7
0,20.757,-3.01,0.093,0.776,2
0,23.673,-2.751,0.077,0.716,2
0,23.025,1.319,0.058,0.783,3
1,52.123,3.3,0.024,0.932,2
0,29.335,4.467,0.02,0.974,2
0,24.56,2.735,0.032,0.947,2
1,26.477,3.445,0.044,0.837,3
0,20.349,2.87,0.096,0.731,2
0,20.447,-3.849,0.078,0.757,2
0,20.117,-0.149,0.097,0.674,4
0,26.47,1.104,0.077,0.703,3
0,25.768,-3.479,0.07,0.819,2
0,25.478,4.463,0.076,0.799,2
1,53.885,-3.236,0.038,0.798,2
1,50.798,-2.975,0.009,0.988,2
0,27.739,2.702,0.08,0.597,4
1,21.737,3.685,0.062,0.829,2
0,21.907,2.904,0.096,0.756,2
0,21.593,3.103,0.102,0.663,3
1,29.728,-3.012,0.059,0.622,4
0,21.013,-1.334,0.081,0.537,6
0,31.631,1.254,0.029,0.957,2
0,24.423,3.5,0.081,0.825,2
1,32.179,3.043,0.036,0.693,3
1,39.625,3.562,0.053,0.753,2
1,25.166,-3.414,0.066,0.868,2
1,20.623,-2.353,0.095,0.398,9
0,21.373,-4.308,0.045,0.937,2
1,27.699,-4.47,0.048,0.873,2
1,67.782,-3.726,0.008,0.987,2
0,22.294,3.428,0.081,0.765,2
0,38.873,-3.727,0.021,0.933,2
1,33.255,-3.286,0.052,0.827,3
1,88.67,-3.525,0.021,0.72,2
0,32.658,3.202,0.042,0.782,2
0,21.672,-0.814,0.055,0.787,4
1,20.84,3.261,0.085,0.684,3
0,20.306,3.028,0.07,0.879,2
1,38.414,2.973,0.051,0.719,2
1,23.731,-2.829,0.081,0.807,2
1,126.487,-2.698,0.012,0.832,2
1,24.829,3.003,0.057,0.684,5
1,21.445,-2.943,0.064,0.822,2
1,35.265,3.151,0.036,0.821,3
0,20.359,-2.63,0.078,0.768,2
1,21.54,3.088,0.056,0.833,3
1,25.446,-3.133,0.078,0.594,3
0,20.624,-3.134,0.083,0.593,3
0,21.177,-3.088,0.094,0.59,3
1,50.378,-3.725,0.019,0.942,2
1,29.055,-3.029,0.042,0.738,4
0,23.298,3.831,0.057,0.784,2
0,20.642,2.507,0.091,0.638,5
0,23.27,3.597,0.076,0.86,2
1,21.046,-3.739,0.052,0.93,2
1,27.345,-3.224,0.078,0.682,3
0,38.951,-1.169,0.029,0.84,3
1,29.313,3.003,0.067,0.776,2
1,33.888,-3.392,0.024,0.952,2
1,39.829,-3.524,0.039,0.75,2
1,25.438,3.541,0.041,0.912,2
1,26.466,3.708,0.054,0.757,2
0,27.889,-2.613,0.05,0.877,4
1,22.475,-3.543,0.069,0.689,3
1,25.762,-3.307,0.064,0.858,2
1,22.413,0.018,0.08,0.615,5
0,27.02,-3.689,0.078,0.786,2
0,20.911,1.338,0.06,0.805,3
0,36.373,2.806,0.045,0.887,2
1,27.16,3.22,0.067,0.736,2
1,32.971,-2.964,0.031,0.721,4
0,20.243,-1.287,0.05,0.622,6
1,25.83,-3.844,0.031,0.943,2
0,21.156,-0.781,0.108,0.48,5
0,20.68,3.028,0.1,0.801,2
1,20.187,-3.504,0.068,0.798,2
1,96.047,-3.356,0.015,0.771,2
0,21.126,-3.104,0.083,0.857,2
1,156.398,-2.946,0.011,0.778,2
0,24.643,-3.59,0.079,0.74,2
1,90.964,-2.81,0.02,0.788,2
1,24.345,-3.461,0.099,0.726,2
0,21.019,-3.512,0.09,0.602,3
0,21.281,-0.3,0.087,0.461,6
0,21.249,-2.965,0.072,0.77,2
1,21.366,-4.073,0.08,0.726,2
1,76.868,2.972,0.006,0.991,2
0,21.49,-3.526,0.065,0.621,3
1,21.212,2.574,0.097,0.607,4
1,20.893,3.313,0.06,0.912,2
1,34.12,3.064,0.036,0.693,3
1,20.101,3.368,0.105,0.755,2
0,27.2,-2.622,0.059,0.858,3
1,31.367,2.892,0.053,0.803,3
0,28.342,-1.319,0.056,0.762,3
0,26.071,2.914,0.066,0.726,2
1,34.666,-3.371,0.05,0.758,2
0,34.724,-4.07,0.048,0.848,2
1,31.248,-3.074,0.047,0.634,3
0,20.282,-3.722,0.113,0.601,3
0,21.595,4.384,0.069,0.837,2
1,27.707,3.013,0.055,0.894,2
1,68.57,-2.781,0.026,0.84,2
0,22.101,3.544,0.056,0.823,2
1,84.553,-2.647,0.004,0.988,2
0,25.995,3.506,0.094,0.711,2
1,24.479,3.507,0.075,0.791,2
1,20.276,-3.224,0.085,0.615,3
1,32.366,2.915,0.044,0.797,2
1,29.964,-3.276,0.079,0.738,2
1,38.458,-3.44,0.035,0.873,2
0,23.193,-1.535,0.06,0.574,6
1,27.386,-3.432,0.066,0.817,2
1,187.519,-1.549,0.002,0.98,2
0,31.78,-1.318,0.046,0.793,3
1,42.227,3.259,0.014,0.959,2
0,22.142,3.084,0.095,0.536,4
1,23.929,3.474,0.056,0.785,2
1,49.717,3.459,0.025,0.908,2
1,22.731,3.427,0.085,0.77,2
0,22.211,-3.944,0.049,0.932,2
1,20.564,-3.194,0.106,0.71,2
1,71.191,-2.996,0.032,0.743,2
1,26.221,-3.38,0.079,0.709,2
1,61.193,3.659,0.03,0.81,2
1,32.26,3.517,0.053,0.707,2
0,22.947,-1.888,0.069,0.561,8
1,34.686,-3.562,0.031,0.934,2
0,20.431,-0.256,0.096,0.791,3
1,26.499,3.688,0.084,0.758,2
0,31.185,-3.574,0.057,0.831,2
0,25.977,-1.169,0.058,0.835,4
1,26.258,2.818,0.045,0.914,2
0,36.511,-1.172,0.024,0.935,2
0,20.769,1.62,0.092,0.591,6
1,23.97,-4.413,0.075,0.769,2
0,21.674,3.237,0.093,0.677,3
0,23.081,2.777,0.072,0.878,2
1,40.018,-2.856,0.03,0.842,2
0,23.529,-0.002,0.075,0.521,5
0,23.07,-0.983,0.094,0.454,6
0,22.704,-1.177,0.067,0.668,4
1,59.403,2.643,0.032,0.748,3
0,20.8,2.651,0.047,0.911,2
1,28.257,3.096,0.054,0.663,4
1,43.235,2.602,0.039,0.769,3
1,30.463,-3.499,0.023,0.946,2
0,21.278,-3.888,0.097,0.79,2
0,29.575,-2.895,0.055,0.764,2
0,22.475,3.779,0.034,0.937,2
0,27.017,0.049,0.055,0.723,2
0,21.553,-3.343,0.082,0.708,2
0,25.196,-2.919,0.077,0.611,3
0,25.862,2.879,0.062,0.722,3
0,20.655,1.268,0.112,0.415,7
0,21.259,1.065,0.086,0.696,3
1,29.333,-3.172,0.063,0.645,3
1,30.068,4.207,0.026,0.952,2
0,25.541,1.149,0.035,0.69,3
1,82.079,3.164,0.016,0.91,2
1,47.338,3.355,0.033,0.713,2
0,22.455,-3.023,0.065,0.868,2
1,76.372,-2.832,0.029,0.747,2
1,20.118,3.183,0.084,0.718,3
0,28.896,2.96,0.06,0.703,4
1,33.415,-2.665,0.021,0.961,2
1,23.885,-3.477,0.099,0.582,3
1,20.164,0.186,0.08,0.599,4
0,20.094,-2.8,0.086,0.747,3
1,156.277,3.155,0.013,0.781,3
0,23.092,-3.349,0.081,0.678,3
0,30.077,0.841,0.039,0.734,6
0,23.97,-0.144,0.062,0.782,3
0,32.523,-2.85,0.067,0.71,2
1,46.038,3.13,0.021,0.943,4
1,76.22,3.51,0.011,0.937,2
1,29.096,-0.324,0.047,0.842,4
0,20.353,3.461,0.08,0.712,2
1,53.242,-3.391,0.02,0.894,3
0,20.356,3.025,0.08,0.654,4
1,24.898,3.015,0.054,0.6,3
0,24.082,3.381,0.09,0.726,2
0,25.253,-3.073,0.049,0.645,5
1,33.31,-3.219,0.06,0.703,3
0,28.578,-3.025,0.065,0.844,2
0,21.473,2.77,0.103,0.764,2
0,28.673,2.523,0.063,0.674,3
0,20.72,-0.635,0.064,0.73,5
1,37.607,-3.047,0.046,0.848,3
0,20.847,-0.441,0.078,0.528,4
1,70.071,2.99,0.011,0.932,2
1,60.772,3.571,0.031,0.73,2
0,20.525,1.384,0.108,0.65,5
0,26.404,2.93,0.082,0.787,2
1,21.783,-3.483,0.055,0.789,3
1,20.547,-3.587,0.112,0.716,2
0,40.318,-2.742,0.047,0.749,2
1,40.543,-3.375,0.03,0.932,2
1,20.094,-4.256,0.121,0.72,2
1,54.419,-3.065,0.034,0.709,3
1,43.021,-2.815,0.019,0.949,2
0,21.076,2.66,0.031,0.947,4
0,28.698,-3.261,0.066,0.741,2
0,27.825,2.859,0.051,0.693,3
1,41.643,3.195,0.045,0.639,3
0,23.591,3.222,0.095,0.583,3
1,21.819,4.338,0.082,0.787,2
0,22.791,2.95,0.088,0.798,3
1,79.049,-3.055,0.02,0.71,2
0,23.577,3.118,0.085,0.637,3
1,60.032,3.883,0.036,0.719,2
1,24.19,-2.949,0.059,0.767,2
0,32.104,0.849,0.047,0.818,3
0,32.687,3.408,0.033,0.923,2
1,24.366,-3.076,0.06,0.849,2
1,24.467,4.066,0.055,0.794,2
1,77.029,3.821,0.014,0.947,2
1,26.219,3.882,0.06,0.868,2
0,22.137,-3.633,0.084,0.72,2
0,26.62,1.196,0.047,0.847,3
1,51.749,-3.018,0.019,0.894,2
1,33.455,3.152,0.056,0.724,2
0,23.806,3.674,0.049,0.899,2
1,66.142,-2.979,0.009,0.982,2
0,28.663,-2.918,0.036,0.89,2
1,66.359,-2.777,0.02,0.791,3
1,23.45,4.413,0.087,0.779,2
1,24.21,3.441,0.078,0.707,2
1,46.538,-3.04,0.031,0.779,2
0,21.724,3.121,0.063,0.83,3
1,25.11,-3.234,0.073,0.705,3
1,30.434,4.377,0.05,0.707,2
1,26.114,4.065,0.053,0.897,2
1,21.914,-4.435,0.076,0.733,2
0,29.651,1.096,0.043,0.932,2
0,21.465,-0.471,0.077,0.728,3
0,22.504,2.609,0.061,0.869,3
1,36.18,-3.49,0.052,0.846,2
1,62.172,-3.122,0.027,0.835,2
1,33.227,3.68,0.046,0.785,2
0,40.106,3.55,0.051,0.727,2
1,23.858,-3.505,0.099,0.743,2
1,20.876,-4.132,0.064,0.801,2
0,23.187,2.533,0.066,0.722,3
0,27.348,2.988,0.064,0.674,3
0,20.748,-3.058,0.094,0.654,3
1,31.812,2.631,0.077,0.706,3
0,20.341,-1.174,0.086,0.622,5
0,20.802,0.425,0.096,0.571,4
1,21.232,3.318,0.081,0.777,2
0,29.706,3.086,0.02,0.966,2
1,34.84,4.007,0.052,0.708,2
0,20.169,0.198,0.114,0.521,5
0,27.381,1.01,0.022,0.958,2
0,20.177,-2.474,0.112,0.509,6
1,28.964,3.652,0.041,0.936,2
1,22.081,3.53,0.048,0.879,2
1,31.252,-3.793,0.072,0.735,2
1,57.436,-3.061,0.033,0.754,2
0,21.751,3.676,0.096,0.719,2
0,21.141,-2.742,0.048,0.813,3
1,33.574,2.429,0.034,0.844,5
0,23.029,-0.338,0.096,0.56,5
1,31.556,2.993,0.048,0.719,2
1,25.992,4.131,0.063,0.763,2
1,47.495,3.582,0.048,0.707,2
0,28.662,-2.997,0.064,0.733,2
1,34.818,3.227,0.041,0.793,2
0,20.006,-1.2,0.062,0.691,3
1,33.078,3.601,0.057,0.758,2
0,24.76,-1.201,0.073,0.59,5
1,20.308,-3.163,0.053,0.875,2
0,22.48,3.749,0.079,0.737,2
1,42.728,3.467,0.035,0.708,2
1,62.966,-3.426,0.01,0.979,2
0,32.787,-2.667,0.03,0.947,2
0,25.945,-1.163,0.033,0.946,2
1,70.403,-3.124,0.022,0.819,3
1,42.677,3.072,0.019,0.972,2
1,47.942,3.359,0.025,0.891,2
1,29.286,4.336,0.083,0.72,2
1,21.308,3.348,0.041,0.919,2
1,75.15,-4.031,0.022,0.863,2
0,29.262,-3.12,0.038,0.861,2
1,22.15,4.072,0.073,0.812,2
1,20.127,3.912,0.122,0.714,2
1,39.834,3.173,0.044,0.707,2
1,50.874,3.967,0.019,0.93,2
0,20.003,-2.606,0.079,0.841,3
1,21.45,-4.348,0.061,0.838,2
1,36.061,3.908,0.046,0.813,2
0,21.261,0.028,0.099,0.648,4
0,23.878,-3.085,0.094,0.63,3
1,187.412,-2.95,0.013,0.71,2
0,20.81,1.327,0.075,0.894,2
1,34.169,-3.479,0.048,0.836,2
1,23.17,-3.484,0.07,0.879,2
1,29.078,-2.724,0.046,0.735,3
0,23.252,4.096,0.059,0.793,2
0,25.289,-0.039,0.067,0.614,3
0,20.826,3.537,0.085,0.746,2
1,32.485,-4.195,0.048,0.84,2
1,36.22,-2.656,0.026,0.959,2
1,40.149,-3.944,0.047,0.713,2
0,22.661,3.264,0.078,0.807,2
1,21.281,4.283,0.066,0.862,2
0,20.514,3.076,0.077,0.761,2
0,24.865,-3.571,0.057,0.681,3
0,22.393,2.76,0.09,0.739,2
0,20.521,0.691,0.088,0.598,4
1,63.288,-2.928,0.025,0.721,2
0,36.999,2.936,0.055,0.732,2
0,32.616,2.113,0.056,0.502,6
1,166.978,2.772,0.001,0.999,2
1,98.896,-2.259,0.006,0.977,2
0,24.199,2.92,0.088,0.779,2
0,24.65,-0.287,0.049,0.719,5
0,28.028,1.329,0.028,0.948,2
1,81.092,3.022,0.02,0.693,3
0,20.247,2.778,0.072,0.841,2
1,53.236,-3.02,0.03,0.765,2
0,20.243,-2.491,0.072,0.736,5
1,42.419,3.542,0.031,0.905,2
1,21.739,-4.332,0.077,0.774,2
0,20.529,-3.818,0.084,0.85,2
0,21.34,3.007,0.056,0.909,2
0,26.725,3.558,0.081,0.733,2
1,38.901,3.532,0.029,0.938,2
0,29.199,3.969,0.07,0.722,2
1,25.214,2.688,0.045,0.936,2
0,20.17,3.4,0.075,0.84,2
0,22.883,-1.352,0.086,0.564,6
1,32.514,2.856,0.041,0.803,2
0,39.369,2.897,0.054,0.745,2
0,23.948,2.072,0.06,0.501,7
1,37.171,3.035,0.049,0.76,2
0,21.198,-2.548,0.078,0.81,3
1,27.828,-3.129,0.032,0.936,2
1,25.25,2.767,0.04,0.948,2
1,44.718,3.614,0.043,0.766,2
0,23.886,-1.123,0.061,0.868,3
0,25.3,4.115,0.074,0.713,2
0,20.725,-2.612,0.046,0.922,2
0,23.955,-4.423,0.057,0.86,2
0,22.525,-1.202,0.062,0.876,3
0,30.873,-2.934,0.063,0.754,2
1,40.566,3.124,0.04,0.674,4
1,24.219,-3.347,0.064,0.811,2
1,50.46,-3.156,0.035,0.839,2
1,46.473,3.842,0.032,0.875,2
0,20.154,2.914,0.048,0.921,2
0,21.39,-3.019,0.058,0.838,2
0,26.518,-3.029,0.063,0.575,4
0,20.858,3.743,0.081,0.72,2
0,23.463,1.904,0.089,0.536,7
0,26.275,2.806,0.085,0.745,2
0,20.522,-3.363,0.069,0.89,2
1,35.419,-3.383,0.037,0.665,3
1,33.223,2.663,0.023,0.965,2
1,25.151,-3.752,0.054,0.778,2
1,32.747,-2.643,0.056,0.603,5
1,184.65,-0.436,0.002,0.994,2
1,34.068,4.228,0.032,0.892,2
1,21.475,-4.472,0.073,0.816,2
1,84.347,3.436,0.026,0.71,2
1,34.449,4.041,0.051,0.712,2
0,20.401,1.33,0.088,0.538,5
0,29.134,2.747,0.033,0.95,2
1,64.936,2.94,0.028,0.717,2
0,22.433,1.137,0.048,0.701,5
0,21.105,1.033,0.063,0.541,6
0,20.156,0.728,0.097,0.513,5
0,20.129,3.153,0.091,0.802,2
0,24.016,2.789,0.056,0.841,2
1,20.904,-4.336,0.109,0.723,2
0,24.234,-0.15,0.069,0.87,3
1,41.058,-3.152,0.039,0.764,2
0,24.639,-0.801,0.071,0.616,6
1,190.937,-2.961,0.001,0.994,2
0,20.666,0.869,0.08,0.584,6
1,38.346,3.114,0.035,0.674,3
0,31.354,-1.171,0.028,0.858,3
0,21.921,-3.666,0.09,0.779,2
0,29.314,3.061,0.074,0.775,2
0,22.857,2.794,0.082,0.624,3
0,22.199,-2.615,0.086,0.781,3
0,27.815,-2.559,0.027,0.693,3
0,24.41,-0.239,0.059,0.799,4
0,25.137,2.728,0.076,0.634,3
0,20.892,-1.29,0.066,0.905,2
0,21.05,-3.562,0.106,0.709,2
1,50.449,2.96,0.038,0.747,2
1,30.133,3.299,0.045,0.819,2
1,46.089,3.331,0.033,0.718,2
0,21.87,2.338,0.071,0.675,6
0,25.885,3.571,0.084,0.707,2
0,38.316,-3.694,0.057,0.721,2
1,20.068,3.082,0.114,0.707,2
0,20.004,1.135,0.055,0.883,3
0,21.862,-2.917,0.077,0.708,2
0,20.231,1.679,0.11,0.403,7
1,27.758,-3.749,0.087,0.718,2
0,20.049,-0.315,0.082,0.679,4
0,21.301,1.045,0.087,0.719,4
0,24.365,3.072,0.071,0.786,2
0,23.984,2.98,0.068,0.834,2
1,43.827,-3.959,0.014,0.967,2
1,28.962,-2.677,0.041,0.919,2
1,36.312,-4.1,0.051,0.716,2
0,20.378,-3.326,0.081,0.748,2
1,25.554,2.902,0.05,0.909,2
1,85.036,2.944,0.023,0.707,2
1,141.616,-2.802,0.01,0.777,2
0,21.265,-1.237,0.074,0.587,5
1,53.401,3.692,0.027,0.855,2
0,21.465,-0.247,0.072,0.578,6
1,26.949,-3.478,0.06,0.874,2
1,22.467,4.248,0.036,0.947,2
1,26.468,-3.367,0.051,0.834,3
1,21.815,3.563,0.069,0.826,2
0,31.682,1.154,0.053,0.82,4
1,83.503,-2.973,0.009,0.975,2
0,24.478,-1.278,0.06,0.838,2
1,69.753,3.046,0.022,0.814,2
0,21.422,-0.95,0.08,0.643,5
0,20.593,-3.159,0.095,0.708,3
1,30.533,-3.536,0.028,0.934,2
1,30.534,3.596,0.024,0.956,2
0,22.392,-1.143,0.084,0.784,3
1,28.15,3.224,0.043,0.761,3
0,25.018,-2.711,0.054,0.9,3
0,35.173,-2.885,0.052,0.814,2
0,28.675,-3.756,0.067,0.753,2
0,27.339,-3.065,0.066,0.825,2
0,23.876,-2.58,0.04,0.865,5
0,22.393,-4.41,0.084,0.838,2
1,20.499,-3.532,0.098,0.8,2
1,20.239,-2.89,0.111,0.77,2
0,22.195,-1.122,0.086,0.755,4
1,62.792,2.564,0.015,0.795,3
1,70.221,3.567,0.02,0.787,2
1,22.024,-2.87,0.108,0.616,4
1,44.65,3.181,0.05,0.664,3
1,20.181,3.563,0.093,0.747,2
1,44.382,-3.45,0.035,0.739,2
0,20.139,-0.921,0.095,0.523,5
1,40.1,3.849,0.059,0.741,2
1,32.907,-3.219,0.052,0.733,3
1,23.145,3.795,0.055,0.884,2
0,35.88,4.385,0.039,0.772,2
1,23.554,3.618,0.032,0.951,2
1,25.722,-3.528,0.079,0.76,2
0,22.119,3.121,0.102,0.585,3
0,26.217,-2.925,0.085,0.726,2
1,53.286,4.033,0.008,0.983,2
1,520.381,-0.387,0.0,0.999,2
1,29.069,-3.55,0.051,0.854,2
0,20.585,-2.717,0.086,0.741,2
1,94.102,-3.06,0.006,0.972,2
1,36.855,3.058,0.058,0.58,3
0,20.072,-3.141,0.096,0.785,2
1,23.688,-2.796,0.065,0.744,3
0,24.585,-3.052,0.067,0.702,3
1,32.899,3.354,0.042,0.902,2
1,34.521,-2.688,0.037,0.728,3
1,72.792,3.525,0.029,0.718,2
0,29.857,-1.345,0.044,0.765,4
0,26.661,-3.335,0.041,0.876,3
0,21.415,1.235,0.075,0.788,3
1,51.696,-3.032,0.016,0.949,2
0,23.411,-4.437,0.072,0.815,2
1,38.32,3.343,0.017,0.963,2
1,43.239,3.124,0.034,0.715,3
0,21.858,2.526,0.097,0.579,6
0,20.498,-1.51,0.107,0.419,7
1,67.494,-3.031,0.029,0.708,2
1,63.625,1.525,0.01,0.864,4
0,21.439,-3.326,0.083,0.72,2
1,77.391,-3.553,0.014,0.903,2
1,20.899,3.83,0.06,0.903,2
1,44.452,-2.994,0.043,0.825,2
1,24.022,3.258,0.08,0.672,4
1,36.379,3.179,0.049,0.779,2
0,22.445,0.358,0.096,0.511,5
0,32.922,2.616,0.013,0.945,3
1,26.591,-3.601,0.078,0.742,2
0,22.289,-3.716,0.073,0.691,3
0,24.639,3.819,0.032,0.954,2
1,62.112,2.878,0.018,0.906,3
1,27.199,3.073,0.052,0.822,2
1,28.337,-3.69,0.052,0.716,2
0,20.626,-0.535,0.086,0.691,5
0,20.878,-3.752,0.111,0.742,2
1,36.215,-3.135,0.047,0.686,4
0,23.966,-3.51,0.076,0.71,2
0,20.075,-3.469,0.108,0.596,3
0,21.252,-1.008,0.105,0.709,2
1,35.279,3.202,0.064,0.613,3
1,46.194,-2.869,0.023,0.805,3
1,22.79,3.609,0.102,0.733,2
0,20.33,-0.491,0.069,0.739,5
1,28.036,2.468,0.059,0.616,5
1,28.414,4.031,0.057,0.824,2
0,23.266,-1.16,0.063,0.796,4
1,161.614,0.108,0.001,0.998,2
1,51.348,-3.038,0.027,0.912,3
1,21.307,4.284,0.055,0.91,2
1,39.245,3.296,0.028,0.932,2
1,20.925,-3.637,0.074,0.799,2
0,20.724,-3.064,0.09,0.712,2
0,23.597,-3.262,0.055,0.825,2
1,21.16,-3.508,0.069,0.753,3
0,20.218,-1.097,0.095,0.687,5
0,24.781,-2.911,0.039,0.932,2
0,21.141,1.26,0.067,0.522,5
0,23.319,3.705,0.08,0.755,2
0,20.324,-2.573,0.056,0.91,2
0,23.469,1.152,0.03,0.822,3
1,36.6,2.65,0.031,0.926,2
1,31.773,2.827,0.065,0.788,2
1,20.365,-3.465,0.103,0.634,3
0,25.859,-3.059,0.069,0.821,2
0,24.099,0.698,0.044,0.942,2
1,55.536,2.912,0.035,0.77,2
0,20.496,1.019,0.092,0.749,2
0,28.295,-3.048,0.051,0.627,3
0,20.661,-3.479,0.108,0.709,2
0,20.198,-1.129,0.078,0.484,5
0,21.115,1.314,0.04,0.78,3
0,23.293,-3.535,0.075,0.805,2
0,28.71,1.263,0.062,0.547,5
0,27.121,1.19,0.066,0.828,3
1,22.85,-3.331,0.09,0.797,2
0,20.366,2.296,0.1,0.42,10
0,20.163,-0.026,0.072,0.576,5
1,50.205,-3.286,0.021,0.93,2
0,34.001,1.166,0.024,0.95,2
0,20.133,-2.634,0.046,0.92,2
1,27.784,2.611,0.072,0.757,2
1,20.521,3.653,0.083,0.871,2
1,125.599,2.581,0.004,0.862,3
0,21.814,0.009,0.08,0.572,5
1,23.204,4.17,0.067,0.72,2
0,43.313,-2.767,0.014,0.978,2
0,21.051,2.892,0.099,0.719,2
0,21.13,-3.47,0.076,0.78,2
0,20.458,1.316,0.095,0.481,6
0,20.392,3.346,0.092,0.739,2
1,22.442,3.262,0.091,0.713,2
1,86.674,3.941,0.005,0.983,2
1,54.082,3.5,0.023,0.859,2
0,23.029,-2.727,0.073,0.763,2
1,46.652,-2.822,0.033,0.716,2
0,21.555,-3.614,0.086,0.843,2
0,21.013,-2.824,0.092,0.724,3
0,21.744,0.798,0.084,0.667,4
1,84.159,-2.662,0.007,0.982,2
0,24.505,-4.269,0.043,0.89,2
1,25.912,3.454,0.044,0.844,3
0,20.206,-1.863,0.091,0.359,10
1,32.542,3.786,0.03,0.944,2
0,20.017,-3.102,0.086,0.709,3
1,28.521,3.708,0.067,0.84,2
0,23.15,-3.932,0.074,0.71,2
1,26.276,3.546,0.084,0.707,2
1,43.987,3.121,0.049,0.617,4
1,20.841,3.353,0.061,0.848,2
